[{"domain": ".xuexi.cn", "expiry": 1679878440, "httpOnly": false, "name": "zwfigprt", "path": "/", "sameSite": "Lax", "secure": false, "value": "c9b9dedcd0c8efb6ed04513a7dfb4e1b"}, {"domain": ".xuexi.cn", "expiry": 1679878440, "httpOnly": false, "name": "tmzw", "path": "/", "sameSite": "Lax", "secure": false, "value": "1679792040283"}, {"domain": ".pc.xuexi.cn", "expiry": 1695272614, "httpOnly": false, "name": "_bl_uid", "path": "/", "sameSite": "Lax", "secure": true, "value": "d2lCOfgqnU0itLa888any8FldFj8"}, {"domain": ".xuexi.cn", "expiry": 1708352825, "httpOnly": false, "name": "__UID__", "path": "/", "sameSite": "Lax", "secure": true, "value": "7bb13240-b061-11ed-84ff-c153efdc1d42"}, {"domain": ".xuexi.cn", "expiry": 1679795671, "httpOnly": false, "name": "scoreAccessDeny", "path": "/", "sameSite": "Lax", "secure": false, "value": "1"}, {"domain": ".xuexi.cn", "expiry": 1679835271, "httpOnly": false, "name": "token", "path": "/", "sameSite": "Lax", "secure": false, "value": "277f7ee0045749808ba60dda7f5b5ce2"}, {"domain": "pc.xuexi.cn", "expiry": 1714352037, "httpOnly": false, "name": "_uab_collina", "path": "/points", "sameSite": "Lax", "secure": false, "value": "167979203709689989716615"}, {"domain": "pc.xuexi.cn", "expiry": 1695344037, "httpOnly": false, "name": "_bl_uid", "path": "/", "sameSite": "Lax", "secure": false, "value": "0yls9fzsoLaoq5tgC36ve4Id2LIb"}, {"domain": ".xuexi.cn", "expiry": 1679795671, "httpOnly": false, "name": "video_log_gray", "path": "/", "sameSite": "Lax", "secure": false, "value": "1"}, {"domain": ".pc.xuexi.cn", "expiry": 1711937884, "httpOnly": false, "name": "_uab_collina", "path": "/points", "sameSite": "Lax", "secure": true, "value": "167737788434982630072045"}]